Issue URL,Fix URL,Ecosystem,Created At,Closed At,Config Unit Files Count,Config Unit Lines Added,Config Unit Lines Removed,IAC Program Unit Files Count,IAC Program Unit Lines Added,IAC Program Unit Lines Removed,Test Unit Files Count,Test Unit Lines Added,Test Unit Lines Removed,Template Unit Files Count,Template Unit Lines Added,Template Unit Lines Removed
https://github.com/theforeman/foreman-ansible-modules/issues/30,https://github.com/theforeman/foreman-ansible-modules/pull/42,Ansible,2017-08-15,2017-10-25,5,18,17,0,0,0,0,0,0,0,0,0
https://github.com/ansible-collections/vyos.vyos/issues/257,https://github.com/ansible-collections/vyos.vyos/pull/258,Ansible,2022-05-17,2022-05-23,1,27,1,0,0,0,1,52,0,0,0,0
https://github.com/ansible-collections/ansible.windows/issues/360,https://github.com/ansible-collections/ansible.windows/pull/373,Ansible,2022-05-23,2022-06-13,1,3,2,0,0,0,1,25,0,0,0,0
https://github.com/ansible-collections/community.general/issues/4373,https://github.com/ansible-collections/community.general/pull/4813,Ansible,2022-03-16,2022-06-13,1,4,1,0,0,0,1,35,0,0,0,0
https://github.com/ansible-collections/ansible.posix/issues/24,https://github.com/ansible-collections/ansible.posix/commit/0118bf0cb9256637684db3f18cbd012d3851065e,Ansible,2020-05-15,2021-07-14,1,5,5,0,0,0,0,0,0,0,0,0
https://github.com/ansible-collections/hetzner.hcloud/issues/344,https://github.com/ansible-collections/hetzner.hcloud/pull/345,Ansible,2023-10-03,2023-10-04,1,4,0,0,0,0,0,0,0,0,0,0
https://github.com/ansible-collections/arista.eos/issues/150,https://github.com/ansible-collections/arista.eos/pull/163,Ansible,2021-01-20,2021-02-19,1,3,3,0,0,0,1,1,0,0,0,0
https://github.com/ansible-collections/ansible.windows/issues/375,https://github.com/ansible-collections/ansible.windows/pull/386,Ansible,2022-06-14,2022-07-10,2,4,2,0,0,0,5,20,0,0,0,0
https://github.com/angstwad/docker.ubuntu/issues/39,https://github.com/angstwad/docker.ubuntu/pull/63/,Ansible,2015-05-04,2015-08-31,0,0,0,1,4,0,0,0,0,0,0,0
https://github.com/netbox-community/ansible_modules/issues/703,https://github.com/netbox-community/ansible_modules/pull/707,Ansible,2022-01-21,2022-01-25,1,10,2,0,0,0,0,0,0,0,0,0
https://github.com/ansible-collections/community.general/issues/852,https://github.com/ansible-collections/community.general/pull/1223,Ansible,2020-09-02,2020-11-04,3,10,18,0,0,0,2,0,6,0,0,0
https://github.com/containers/ansible-podman-collections/issues/39,https://github.com/containers/ansible-podman-collections/pull/49,Ansible,2020-05-10,2020-06-05,2,87,21,0,0,0,0,0,0,0,0,0
https://github.com/ansible-collections/community.zabbix/issues/315,https://github.com/ansible-collections/community.zabbix/pull/346,Ansible,2021-01-22,2021-03-28,0,0,0,2,20,1,0,0,0,0,0,0
https://github.com/prometheus-community/ansible/issues/9,https://github.com/prometheus-community/ansible/pull/10/,Ansible,2022-12-23,2022-12-24,0,0,0,1,0,2,0,0,0,0,0,0
https://github.com/netbox-community/ansible_modules/issues/72,https://github.com/netbox-community/ansible_modules/pull/78,Ansible,2020-01-30,2020-02-08,1,5,0,0,0,0,1,21,2,0,0,0
https://github.com/ansible-collections/amazon.aws/issues/1148,https://github.com/ansible-collections/amazon.aws/pull/1151,Ansible,2022-10-10,2022-10-11,1,24,20,0,0,0,6,238,0,0,0,0
https://github.com/ansible-collections/community.general/issues/997,https://github.com/ansible-collections/community.general/pull/1126,Ansible,2020-09-29,2020-11-06,3,10,4,0,0,0,0,0,0,0,0,0
https://github.com/ansible-collections/community.vmware/issues/539,https://github.com/ansible-collections/community.vmware/pull/588,Ansible,2020-12-01,2020-12-29,1,47,43,0,0,0,0,0,0,0,0,0
https://github.com/ansible-collections/community.aws/issues/1058,https://github.com/ansible-collections/community.aws/pull/1170,Ansible,2022-04-12,2022-05-30,1,9,2,0,0,0,1,12,0,0,0,0
https://github.com/ansible-collections/community.general/issues/2818,https://github.com/ansible-collections/community.general/pull/2816,Ansible,2021-06-16,2021-06-24,1,342,373,0,0,0,3,126,1,0,0,0
https://github.com/HewlettPackard/oneview-puppet/issues/151,https://github.com/HewlettPackard/oneview-puppet/pull/152,Puppet,2017-05-03,2017-05-03,1,15,6,0,0,0,0,0,0,0,0,0
https://github.com/voxpupuli/puppet-kibana/issues/69,https://github.com/voxpupuli/puppet-kibana/pull/71,Puppet,2023-01-02,2023-02-08,2,30,75,2,14,2,4,26,95,1,0,7
https://github.com/tampakrap/puppet-facter/issues/9,https://github.com/tampakrap/puppet-facter/commit/8b66216d2728213336b472ca1a5e130708a0aca3,Puppet,2015-03-08,2015-05-30,1,10,3,0,0,0,1,11,2,0,0,0
https://github.com/voxpupuli/puppet-bareos/issues/80,https://github.com/voxpupuli/puppet-bareos/pull/115/,Puppet,2021-04-15,2022-10-06,0,0,0,2,2,2,0,0,0,0,0,0
https://github.com/derdanne/puppet-nfs/issues/38,https://github.com/derdanne/puppet-nfs/pull/39,Puppet,2016-09-05,2016-09-08,0,0,0,2,2,6,0,0,0,0,0,0
https://github.com/willdurand/puppet-nodejs/issues/190,https://github.com/willdurand/puppet-nodejs/pull/191,Puppet,2019-10-15,2019-10-17,1,1,1,0,0,0,0,0,0,0,0,0
https://github.com/voxpupuli/puppet-kafka/issues/186,https://github.com/voxpupuli/puppet-kafka/pull/187,Puppet,2017-07-24,2017-07-25,0,0,0,3,4,3,1,0,29,0,0,0
https://github.com/voxpupuli/puppet-jenkins/issues/498,https://github.com/voxpupuli/puppet-jenkins/pull/530,Puppet,2016-02-15,2016-03-08,0,0,0,1,13,1,1,36,1,0,0,0
https://github.com/voxpupuli/puppet-nginx/issues/1158,https://github.com/voxpupuli/puppet-nginx/pull/1159,Puppet,2017-11-21,2017-11-22,0,0,0,2,4,6,1,1,1,0,0,0
https://github.com/voxpupuli/puppet-python/issues/638,https://github.com/voxpupuli/puppet-python/pull/639,Puppet,2022-07-21,2022-09-08,0,0,0,1,8,1,1,37,1,0,0,0
https://github.com/jlambert121/jlambert121-puppet/issues/47,https://github.com/jlambert121/jlambert121-puppet/commit/d2c8527496edfad767979f0ac298ff49e0629e39,Puppet,2016-02-16,2016-03-03,0,0,0,0,0,0,0,0,0,1,2,0
https://github.com/voxpupuli/puppet-consul/issues/211,https://github.com/voxpupuli/puppet-consul/pull/323,Puppet,2016-01-04,2017-02-22,2,11,9,0,0,0,0,0,0,0,0,0
https://github.com/voxpupuli/puppet-mongodb/issues/517,https://github.com/voxpupuli/puppet-mongodb/pull/535,Puppet,2018-11-28,2019-04-08,1,5,0,0,0,0,0,0,0,0,0,0
https://github.com/voxpupuli/puppet-postfix/issues/311,https://github.com/voxpupuli/puppet-postfix/pull/327,Puppet,2021-10-07,2022-12-06,0,0,0,1,14,4,1,80,1,0,0,0
https://github.com/voxpupuli/puppet-gluster/issues/10,https://github.com/voxpupuli/puppet-gluster/pull/11,Puppet,2015-01-23,2015-01-23,0,0,0,1,8,7,0,0,0,0,0,0
https://github.com/voxpupuli/puppet-collectd/issues/428,https://github.com/voxpupuli/puppet-collectd/pull/429/,Puppet,2016-03-17,2016-03-17,0,0,0,1,24,13,0,0,0,0,0,0
https://github.com/theforeman/puppet-dns/issues/141,https://github.com/theforeman/puppet-dns/pull/142,Puppet,2019-05-08,2019-07-16,0,0,0,0,0,0,1,39,0,1,3,1
https://github.com/voxpupuli/puppet-rabbitmq/issues/704,https://github.com/voxpupuli/puppet-rabbitmq/pull/705,Puppet,2018-06-22,2018-06-25,1,1,1,0,0,0,1,9,0,0,0,0
https://github.com/voxpupuli/puppet-python/issues/196,https://github.com/voxpupuli/puppet-python/pull/198,Puppet,2015-05-29,2015-06-13,0,0,0,1,10,0,1,1,0,0,0,0
https://github.com/voxpupuli/puppet-redis/issues/425,https://github.com/voxpupuli/puppet-redis/pull/427,Puppet,2021-10-26,2021-11-16,0,0,0,1,1,1,0,0,0,0,0,0
https://github.com/sous-chefs/php/issues/311,https://github.com/sous-chefs/php/pull/312,Chef,2020-11-09,2020-11-12,0,0,0,1,1,2,2,8,1,0,0,0
https://github.com/chef-boneyard/habitat/issues/106,https://github.com/chef-boneyard/habitat/pull/122,Chef,2018-06-21,2018-09-06,1,5,9,0,0,0,0,0,0,0,0,0
https://github.com/sous-chefs/samba/issues/48,https://github.com/sous-chefs/samba/pull/49,Chef,2017-02-03,2017-02-04,1,4,4,0,0,0,1,2,0,0,0,0
https://github.com/sous-chefs/java/issues/645,https://github.com/sous-chefs/java/pull/646,Chef,2020-11-24,2020-12-03,3,69,9,0,0,0,1,7,1,0,0,0
https://github.com/DataDog/chef-datadog/issues/338,https://github.com/DataDog/chef-datadog/pull/396,Chef,2016-08-08,2018-10-30,0,0,0,2,4,6,0,0,0,0,0,0
https://github.com/mattray/managed_chef_server-cookbook/issues/35,https://github.com/mattray/managed_chef_server-cookbook/commit/ffcd2d47d31626df288e7c3d0ddf96fe4f443f5d,Chef,2019-12-27,2020-02-06,1,1,0,0,0,0,0,0,0,0,0,0
https://github.com/sous-chefs/docker/issues/427,https://github.com/sous-chefs/docker/pull/439,Chef,2015-09-16,2015-09-18,1,2,0,0,0,0,3,45,0,0,0,0
https://github.com/poise/poise-python/issues/9,https://github.com/poise/poise-python/commit/ce2a362f8bcb8755a0d26cd75526c72d878a3536,Chef,2015-10-07,2015-10-08,1,1,1,0,0,0,0,0,0,0,0,0
https://github.com/sous-chefs/homebrew/issues/85,https://github.com/sous-chefs/homebrew/pull/86,Chef,2016-01-07,2016-01-25,2,4,2,2,9,9,1,10,6,0,0,0
https://github.com/sensu/sensu-chef/issues/507,https://github.com/sensu/sensu-chef/pull/508,Chef,2016-09-28,2016-09-29,0,0,0,2,9,7,3,14,0,0,0,0
https://github.com/sous-chefs/firewall/issues/131,https://github.com/sous-chefs/firewall/commit/ca7e1d62bf980752f851e3a7edbfe2b99172130c,Chef,2016-04-11,2016-06-01,1,11,4,0,0,0,0,0,0,0,0,0
https://github.com/sous-chefs/vagrant/issues/42,https://github.com/sous-chefs/vagrant/pull/51,Chef,2015-10-19,2015-12-18,4,141,87,2,10,6,4,107,3,0,0,0
https://github.com/chef-boneyard/windows/issues/521,https://github.com/chef-boneyard/windows/pull/522,Chef,2018-01-06,2018-01-19,1,2,2,0,0,0,0,0,0,0,0,0
https://github.com/sous-chefs/chef-splunk/issues/130,https://github.com/sous-chefs/chef-splunk/pull/131,Chef,2019-12-19,2019-12-19,1,2,2,3,2,3,1,3,3,0,0,0
https://github.com/dhoer/chef-selenium/issues/16,https://github.com/dhoer/chef-selenium/commit/eea22e6ca42e3c1f396142ca1bb87e18d3acd3c2,Chef,2015-06-29,2015-06-29,0,0,0,1,8,4,1,12,6,0,0,0
https://github.com/criteo-cookbooks/nexus3/issues/51,https://github.com/criteo-cookbooks/nexus3/pull/52,Chef,2018-02-02,2018-02-19,1,1,1,0,0,0,0,0,0,0,0,0
https://github.com/zuazo/dovecot-cookbook/issues/15,https://github.com/zuazo/dovecot-cookbook/commit/ff84efa5f66472c3f815ceda39885765d6b695b9,Chef,2015-07-15,2015-07-17,0,0,0,2,10,2,5,19,10,0,0,0
https://github.com/nathwill/chef-systemd/issues/117,https://github.com/nathwill/chef-systemd/pull/118,Chef,2017-10-27,2017-10-31,1,0,8,0,0,0,5,51,12,0,0,0
https://github.com/sous-chefs/docker/issues/494,https://github.com/sous-chefs/docker/pull/495,Chef,2015-10-12,2015-10-13,1,4,4,0,0,0,0,0,0,0,0,0
https://github.com/sous-chefs/cron/issues/80,https://github.com/sous-chefs/cron/pull/92,Chef,2016-05-17,2017-03-13,2,88,66,1,2,0,0,0,0,0,0,0
https://github.com/ansible-collections/community.general/issues/791,https://github.com/ansible-collections/community.general/pull/1105,Ansible,2020-08-17,2020-10-31,1,25,13,0,0,0,0,0,0,0,0,0
https://github.com/ansible-collections/community.hrobot/issues/32,https://github.com/ansible-collections/community.hrobot/pull/33,Ansible,2021-12-28,2022-01-04,1,4,1,0,0,0,1,80,13,0,0,0
https://github.com/ansible-collections/junipernetworks.junos/issues/312,https://github.com/ansible-collections/junipernetworks.junos/pull/339,Ansible,2022-06-03,2022-11-16,2,4,4,0,0,0,8,23,23,0,0,0
https://github.com/ansible-collections/community.general/issues/3671,https://github.com/ansible-collections/community.general/pull/3889,Ansible,2021-11-08,2022-10-05,1,1,1,0,0,0,1,3,3,0,0,0
https://github.com/ansible-collections/ansible.posix/issues/210,https://github.com/ansible-collections/ansible.posix/pull/211,Ansible,2021-06-15,2021-09-27,1,4,0,0,0,0,1,40,3,0,0,0
https://github.com/containers/ansible-podman-collections/issues/25,https://github.com/containers/ansible-podman-collections/pull/42,Ansible,2020-04-18,2020-05-15,1,22,4,0,0,0,1,6,1,0,0,0
https://github.com/ansible-collections/azure/issues/871,https://github.com/ansible-collections/azure/pull/872,Ansible,2022-06-01,2022-06-06,1,2,1,0,0,0,0,0,0,0,0,0
https://github.com/ansible-collections/community.general/issues/561,https://github.com/ansible-collections/community.general/pull/563,Ansible,2020-06-22,2020-08-21,1,1,1,0,0,0,0,0,0,0,0,0
https://github.com/ansible-collections/community.general/issues/1776,https://github.com/ansible-collections/community.general/pull/1794,Ansible,2021-02-10,2021-02-12,1,4,6,0,0,0,2,35,0,0,0,0
https://github.com/ansible-collections/community.general/issues/440,https://github.com/ansible-collections/community.general/pull/1491,Ansible,2020-06-01,2021-01-24,1,33,7,0,0,0,3,47,13,0,0,0
https://github.com/netbox-community/ansible_modules/issues/231,https://github.com/netbox-community/ansible_modules/pull/233,Ansible,2020-06-11,2020-06-19,1,23,9,0,0,0,4,69,3,0,0,0
https://github.com/theforeman/foreman-ansible-modules/issues/847,https://github.com/theforeman/foreman-ansible-modules/pull/921/files,Ansible,2020-06-21,2020-08-17,1,2,2,0,0,0,2,18,0,0,0,0
https://github.com/ansible-collections/community.general/issues/109,https://github.com/ansible-collections/community.general/commit/9d1880f29e1c85f7c8023117681297f3a73d1564,Ansible,2020-04-03,2020-04-09,1,98,9,0,0,0,0,0,0,0,0,0
https://github.com/ansible-collections/arista.eos/issues/329,https://github.com/ansible-collections/arista.eos/pull/330,Ansible,2022-03-23,2022-04-21,1,10,4,0,0,0,0,0,0,0,0,0
https://github.com/ansible-collections/community.general/issues/1171,https://github.com/ansible-collections/community.general/pull/4812,Ansible,2020-10-25,2022-07-24,1,30,1,0,0,0,0,0,0,0,0,0
https://github.com/ansible-collections/community.mysql/issues/69,https://github.com/ansible-collections/community.mysql/pull/72,Ansible,2020-12-06,2020-12-16,2,10,1,0,0,0,3,121,0,0,0,0
https://github.com/ansible-collections/community.general/issues/4241,https://github.com/ansible-collections/community.general/pull/4719,Ansible,2022-02-21,2022-05-30,1,4,4,0,0,0,0,0,0,0,0,0
https://github.com/ansible-collections/community.general/issues/5661,https://github.com/ansible-collections/community.general/pull/5680,Ansible,2022-12-06,2022-12-22,1,26,9,0,0,0,1,3,3,0,0,0
https://github.com/ansible-collections/community.postgresql/issues/465,https://github.com/ansible-collections/community.postgresql/pull/472,Ansible,2023-05-05,2023-05-16,3,9,1,0,0,0,0,0,0,0,0,0
https://github.com/freeipa/ansible-freeipa/issues/66,https://github.com/freeipa/ansible-freeipa/commit/818db5cb4dc5e3b89ba6575bcdf67277c6d2c974,Ansible,2019-04-03,2019-04-04,2,7,2,0,0,0,0,0,0,0,0,0
https://github.com/voxpupuli/puppet-python/issues/50,https://github.com/voxpupuli/puppet-python/pull/60,Puppet,2014-01-05,2014-02-26,3,4,4,0,0,0,0,0,0,0,0,0
https://github.com/voxpupuli/puppet-mumble/issues/52,https://github.com/voxpupuli/puppet-mumble/pull/53,Puppet,2019-09-11,2019-10-04,0,0,0,1,3,1,0,0,0,0,0,0
https://github.com/voxpupuli/puppet-rabbitmq/issues/832,https://github.com/voxpupuli/puppet-rabbitmq/pull/833,Puppet,2020-04-09,2020-04-25,1,1,1,0,0,0,2,114,0,0,0,0
https://github.com/voxpupuli/puppet-rhsm/issues/52,https://github.com/voxpupuli/puppet-rhsm/pull/53,Puppet,2017-09-22,2017-10-09,1,1,1,0,0,0,0,0,0,0,0,0
https://github.com/voxpupuli/puppet-logstash/issues/357,https://github.com/voxpupuli/puppet-logstash/pull/362,Puppet,2018-03-06,2018-04-02,0,0,0,0,0,0,1,32,0,1,10,0
https://github.com/puppetlabs/puppetlabs-docker/issues/597,https://github.com/puppetlabs/puppetlabs-docker/pull/740,Puppet,2020-04-15,2021-06-28,0,0,0,3,21,22,3,19,12,0,0,0
https://github.com/deric/puppet-zookeeper/issues/10,https://github.com/deric/puppet-zookeeper/commit/c0983a26e3a4387da4ee91468da5d83ca134ee1c,Puppet,2015-01-16,2015-01-29,0,0,0,1,6,0,1,16,0,0,0,0
https://github.com/voxpupuli/puppet-gluster/issues/140,https://github.com/voxpupuli/puppet-gluster/commit/0e0855f05debb94b6a4b3acfaf61c7a09a4b0207,Puppet,2017-10-25,2018-03-26,0,0,0,1,8,5,0,0,0,0,0,0
https://github.com/lelutin/puppet-fail2ban/issues/50,https://github.com/lelutin/puppet-fail2ban/commit/6040e0acd73a66b999734b5c0a683dece6e2424e,Puppet,2021-10-29,2021-10-31,0,0,0,1,2,2,0,0,0,0,0,0
https://github.com/voxpupuli/puppet-grafana/issues/104,https://github.com/voxpupuli/puppet-grafana/pull/211,Puppet,2018-03-18,2020-04-21,2,22,1,0,0,0,1,35,0,0,0,0
https://github.com/saz/puppet-sudo/issues/224,https://github.com/saz/puppet-sudo/pull/225,Puppet,2018-05-22,2018-06-03,0,0,0,0,0,0,0,0,0,1,2,2
https://github.com/pcfens/puppet-filebeat/issues/257,https://github.com/pcfens/puppet-filebeat/commit/d12905a14cfe02debdafda0af632c69497bd231a,Puppet,2020-06-03,2020-06-03,0,0,0,1,1,1,0,0,0,0,0,0
https://github.com/voxpupuli/puppet-collectd/issues/1000,https://github.com/voxpupuli/puppet-collectd/pull/1003,Puppet,2022-08-11,2022-09-02,0,0,0,1,0,2,9,11,17,0,0,0
https://github.com/richardc/puppet-datacat/issues/24,https://github.com/richardc/puppet-datacat/pull/26,Puppet,2015-07-30,2015-08-16,1,1,1,0,0,0,1,1,1,0,0,0
https://github.com/puppetlabs/puppetlabs-powershell/issues/9,https://github.com/puppetlabs/puppetlabs-powershell/pull/10,Puppet,2013-08-06,2013-09-17,1,1,1,0,0,0,1,20,1,0,0,0
https://github.com/voxpupuli/puppet-openldap/issues/317,https://github.com/voxpupuli/puppet-openldap/pull/318,Puppet,2021-09-07,2021-09-07,0,0,0,1,1,1,0,0,0,0,0,0
https://github.com/voxpupuli/puppet-autofs/issues/104,https://github.com/voxpupuli/puppet-autofs/pull/119,Puppet,2018-03-20,2018-04-21,0,0,0,7,280,109,12,643,454,1,2,6
https://github.com/bodgit/puppet-postfix/issues/25,https://github.com/bodgit/puppet-postfix/pull/26,Puppet,2021-07-16,2021-07-16,0,0,0,1,8,8,0,0,0,0,0,0
https://github.com/voxpupuli/puppet-jira/issues/241,https://github.com/voxpupuli/puppet-jira/pull/356,Puppet,2018-04-05,2021-04-14,0,0,0,1,3,4,0,0,0,0,0,0
https://github.com/voxpupuli/puppet-mongodb/issues/525,https://github.com/voxpupuli/puppet-mongodb/pull/561,Puppet,2019-01-15,2019-11-25,2,14,0,0,0,0,0,0,0,0,0,0
https://github.com/sous-chefs/nodejs/issues/67,https://github.com/sous-chefs/nodejs/pull/69,Chef,2015-03-31,2015-04-02,0,0,0,2,2,2,0,0,0,0,0,0
https://github.com/sous-chefs/consul/issues/574,https://github.com/sous-chefs/consul/pull/575,Chef,2020-09-30,2020-10-01,1,1,0,0,0,0,0,0,0,0,0,0
https://github.com/microsoft/macos-cookbook/issues/4,https://github.com/microsoft/macos-cookbook/pull/5,Chef,2017-10-19,2017-10-20,2,2,2,0,0,0,0,0,0,0,0,0
https://github.com/sous-chefs/network_interfaces/issues/41,https://github.com/sous-chefs/network_interfaces/pull/44,Chef,2021-06-29,2021-06-30,2,129,143,4,12,25,3,36,26,1,1,1
https://github.com/chef-boneyard/audit/issues/234,https://github.com/chef-boneyard/audit/commit/f4ac7c77a82e05b0f6fd559a7e1f8c1a4476ad74,Chef,2017-06-07,2017-06-29,0,0,0,1,1,1,0,0,0,0,0,0
https://github.com/sous-chefs/golang/issues/54,https://github.com/sous-chefs/golang/pull/55,Chef,2016-06-20,2020-07-10,1,13,1,1,2,0,0,0,0,0,0,0
https://github.com/sous-chefs/postgresql/issues/708,https://github.com/sous-chefs/postgresql/commit/6b0194c975a19613ebcd0e6c82f50c9f3b612a1d,Chef,2022-12-14,2022-12-20,1,18,1,0,0,0,4,0,36,0,0,0
https://github.com/chef-boneyard/windows/issues/424,https://github.com/chef-boneyard/windows/pull/425,Chef,2017-02-03,2017-02-11,1,2,2,0,0,0,2,13,3,0,0,0
https://github.com/dhoer/chef-chrome/issues/7,https://github.com/dhoer/chef-chrome/commit/0361a1de65c29d40fe2e840826f747cdc5509c31,Chef,2015-09-27,2015-09-27,0,0,0,2,7,7,1,15,1,0,0,0
https://github.com/sous-chefs/firewall/issues/32,https://github.com/sous-chefs/firewall/pull/33,Chef,2015-02-03,2015-02-04,1,2,2,0,0,0,0,0,0,0,0,0
https://github.com/sous-chefs/nfs/issues/91,https://github.com/sous-chefs/nfs/pull/92,Chef,2016-11-30,2016-12-09,0,0,0,1,1,1,0,0,0,0,0,0
https://github.com/sous-chefs/rsync/issues/18,https://github.com/sous-chefs/rsync/commit/f117bf7863dc583d9f1a9777b96daf6f29f5f567,Chef,2015-08-03,2015-10-05,1,10,6,1,1,1,0,0,0,0,0,0
https://github.com/lusis/chef-kibana/issues/20,https://github.com/lusis/chef-kibana/pull/21,Chef,2013-09-14,2013-10-21,0,0,0,2,4,4,0,0,0,1,51,26
https://github.com/sous-chefs/lvm/issues/141,https://github.com/sous-chefs/lvm/pull/142,Chef,2018-03-08,2018-03-09,2,9,9,0,0,0,0,0,0,0,0,0
https://github.com/sous-chefs/logrotate/issues/155,https://github.com/sous-chefs/logrotate/pull/158,Chef,2021-05-11,2021-05-12,1,5,5,0,0,0,3,5,1,1,13,2
https://github.com/sous-chefs/java/issues/422,https://github.com/sous-chefs/java/pull/423,Chef,2017-05-23,2017-05-24,1,1,1,2,10,10,0,0,0,0,0,0
https://github.com/sous-chefs/confluence/issues/123,https://github.com/sous-chefs/confluence/pull/124,Chef,2016-10-14,2016-10-14,0,0,0,0,0,0,0,0,0,1,1,1
https://github.com/sous-chefs/jenkins/issues/399,https://github.com/sous-chefs/jenkins/pull/401,Chef,2015-09-04,2015-09-04,1,6,1,0,0,0,0,0,0,0,0,0
https://github.com/sous-chefs/tomcat/issues/277,https://github.com/sous-chefs/tomcat/pull/298,Chef,2016-11-28,2017-04-05,1,20,10,0,0,0,0,0,0,0,0,0
https://github.com/sous-chefs/docker/issues/903,https://github.com/sous-chefs/docker/pull/908,Chef,2017-08-09,2017-08-26,1,83,13,0,0,0,2,1,1,0,0,0
https://github.com/ansible-collections/community.mysql/issues/256,https://github.com/ansible-collections/community.mysql/pull/403,Ansible,2021-12-06,2022-06-30,1,27,3,0,0,0,4,154,2,0,0,0
https://github.com/ansible-collections/community.general/issues/1500,https://github.com/ansible-collections/community.general/pull/1517,Ansible,2020-12-16,2021-01-03,1,0,1,0,0,0,0,0,0,0,0,0
https://github.com/ansible-collections/ansible.posix/issues/255,https://github.com/ansible-collections/ansible.posix/pull/297,Ansible,2021-08-26,2021-11-29,1,10,28,0,0,0,1,1,1,0,0,0
https://github.com/ansible-collections/community.general/issues/1410,https://github.com/ansible-collections/community.general/pull/1715,Ansible,2020-11-27,2021-02-15,1,31,53,0,0,0,0,0,0,0,0,0
https://github.com/netbox-community/ansible_modules/issues/452,https://github.com/netbox-community/ansible_modules/pull/453,Ansible,2021-03-03,2021-03-03,3,5,7,1,0,3,0,0,0,0,0,0
https://github.com/ansible-collections/community.grafana/issues/170,https://github.com/ansible-collections/community.grafana/pull/226,Ansible,2021-05-13,2022-04-18,1,5,4,0,0,0,10,19,100,0,0,0
https://github.com/ansible-collections/cisco.ios/issues/782,https://github.com/ansible-collections/cisco.ios/pull/790,Ansible,2023-03-16,2023-04-04,7,894,1070,0,0,0,5,1842,610,0,0,0
https://github.com/ansible-collections/community.docker/issues/72,https://github.com/ansible-collections/community.docker/pull/73,Ansible,2021-01-21,2021-01-25,1,51,23,0,0,0,1,10,0,0,0,0
https://github.com/ansible-collections/community.digitalocean/issues/174,https://github.com/ansible-collections/community.digitalocean/pull/188,Ansible,2021-10-17,2021-11-06,1,5,3,0,0,0,0,0,0,0,0,0
https://github.com/ansible-collections/community.general/issues/1394,https://github.com/ansible-collections/community.general/pull/1538,Ansible,2020-11-25,2021-01-03,1,12,15,0,0,0,0,0,0,0,0,0
https://github.com/ansible-collections/community.postgresql/issues/314,https://github.com/ansible-collections/community.postgresql/pull/344,Ansible,2022-07-22,2022-09-14,1,1,1,0,0,0,0,0,0,0,0,0
https://github.com/ansible-collections/community.general/issues/5142,https://github.com/ansible-collections/community.general/pull/6774,Ansible,2022-08-22,2023-06-30,1,6,18,0,0,0,5,129,101,0,0,0
https://github.com/ansible-collections/community.aws/issues/1471,https://github.com/ansible-collections/community.aws/pull/1627,Ansible,2022-09-15,2022-12-22,1,1,1,0,0,0,1,24,0,0,0,0
https://github.com/ansible-collections/ansible.windows/issues/272,https://github.com/ansible-collections/ansible.windows/pull/273,Ansible,2021-09-08,2021-09-10,1,12,4,0,0,0,0,0,0,0,0,0
https://github.com/ansible-collections/community.general/issues/4683,https://github.com/ansible-collections/community.general/pull/6105,Ansible,2022-05-17,2023-03-26,1,4,0,0,0,0,0,0,0,0,0,0
https://github.com/ansible-collections/community.general/issues/3244,https://github.com/ansible-collections/community.general/pull/3256,Ansible,2021-08-20,2021-08-30,1,55,5,0,0,0,0,0,0,0,0,0
https://github.com/ansible/ansible/issues/63919,https://github.com/ansible/ansible/pull/63921,Ansible,2019-10-24,2019-10-29,1,1,1,0,0,0,1,18,0,0,0,0
https://github.com/ansible/ansible/issues/55938,https://github.com/ansible/ansible/pull/56013,Ansible,2019-04-30,2019-05-14,1,8,0,0,0,0,1,20,0,0,0,0
https://github.com/ansible/ansible/issues/40332,https://github.com/ansible/ansible/pull/40338,Ansible,2018-05-17,2018-05-18,1,2,1,0,0,0,0,0,0,0,0,0
https://github.com/ansible/ansible/issues/70589,https://github.com/ansible/ansible/pull/70600,Ansible,2020-11-13,2020-11-21,1,7,6,0,0,0,1,37,1,0,0,0
https://github.com/voxpupuli/puppet-prometheus/issues/192,https://github.com/voxpupuli/puppet-prometheus/pull/193,Puppet,2018-05-19,2018-05-19,0,0,0,16,16,16,0,0,0,0,0,0
https://github.com/voxpupuli/puppet-openldap/issues/333,https://github.com/voxpupuli/puppet-openldap/pull/335/files,Puppet,2021-10-07,2021-10-08,0,0,0,1,1,1,0,0,0,0,0,0
https://github.com/alphagov/puppet-graphite/issues/41,https://github.com/alphagov/puppet-graphite/pull/42,Puppet,2015-04-16,2015-07-10,0,0,0,0,0,0,0,0,0,1,1,1
https://github.com/voxpupuli/puppet-collectd/issues/964,https://github.com/voxpupuli/puppet-collectd/pull/965,Puppet,2020-12-17,2021-01-04,0,0,0,0,0,0,2,9,3,1,3,5
https://github.com/voxpupuli/puppet-elasticsearch/issues/107,https://github.com/voxpupuli/puppet-elasticsearch/commit/0270e33c05c55968bfc3a30c9c6e1b7d6460614e,Puppet,2014-03-26,2014-03-28,0,0,0,1,1,0,0,0,0,0,0,0
https://github.com/voxpupuli/puppet-jira/issues/315,https://github.com/voxpupuli/puppet-jira/pull/368,Puppet,2020-04-21,2021-04-20,0,0,0,2,11,30,1,1,2,2,14,13
https://github.com/djjudas21/puppet-freeradius/issues/94,https://github.com/djjudas21/puppet-freeradius/commit/5acd58d218f12b6813f92790cc9a89627565e114,Puppet,2018-01-08,2018-01-11,0,0,0,0,0,0,0,0,0,1,1,1
https://github.com/leoarnold/puppet-cups/issues/28,https://github.com/leoarnold/puppet-cups/commit/72a349a53165fac31c8d7c543f641af2868516b7,Puppet,2017-11-21,2017-11-22,1,1,2,0,0,0,3,75,7,0,0,0
https://github.com/voxpupuli/puppet-collectd/issues/390,https://github.com/voxpupuli/puppet-collectd/pull/391,Puppet,2016-01-13,2016-01-15,0,0,0,0,0,0,1,17,0,1,10,0
https://github.com/voxpupuli/puppet-mongodb/issues/438,https://github.com/voxpupuli/puppet-mongodb/pull/442,Puppet,2018-02-05,2018-02-13,2,10,1,0,0,0,0,0,0,0,0,0
https://github.com/voxpupuli/puppet-collectd/issues/184,https://github.com/voxpupuli/puppet-collectd/commit/462b312f8ac5625a74340cde3887b4fdfff0cf1f,Puppet,2014-10-14,2014-10-23,0,0,0,1,6,0,0,0,0,0,0,0
https://github.com/example42/puppet-network/issues/344,https://github.com/example42/puppet-network/pull/348,Puppet,2021-08-25,2021-10-22,0,0,0,2,13,9,0,0,0,0,0,0
https://github.com/blackknight36/puppet-bacula/issues/18,https://github.com/blackknight36/puppet-bacula/commit/de989097449068dac801b44d2587dcaa16c6ae93,Puppet,2020-02-24,2020-02-24,0,0,0,1,5,0,1,16,9,0,0,0
https://github.com/voxpupuli/puppet-nodejs/issues/335,https://github.com/voxpupuli/puppet-nodejs/pull/347,Puppet,2017-11-13,2017-12-26,0,0,0,3,0,25,1,0,31,0,0,0
https://github.com/voxpupuli/puppet-snmp/issues/81,https://github.com/voxpupuli/puppet-snmp/commit/1f133332cd25df0bdbe2585622c1b3201c735341,Puppet,2016-11-07,2017-04-23,0,0,0,1,28,25,1,2,2,0,0,0
https://github.com/voxpupuli/puppet-elasticsearch/issues/362,https://github.com/voxpupuli/puppet-elasticsearch/pull/366,Puppet,2015-06-10,2015-06-10,0,0,0,0,0,0,0,0,0,1,1,1
https://github.com/voxpupuli/puppet-nftables/issues/143,https://github.com/voxpupuli/puppet-nftables/pull/144,Puppet,2022-08-23,2022-08-26,0,0,0,1,1,1,1,8,2,0,0,0
https://github.com/voxpupuli/puppet-elasticsearch/issues/186,https://github.com/voxpupuli/puppet-elasticsearch/pull/224,Puppet,2014-10-01,2015-01-08,0,0,0,1,9,1,1,26,0,0,0,0
https://github.com/voxpupuli/puppet-systemd/issues/234,https://github.com/voxpupuli/puppet-systemd/pull/277,Puppet,2021-10-28,2022-06-17,0,0,0,5,81,29,4,69,15,0,0,0
https://github.com/voxpupuli/puppet-consul/issues/119,https://github.com/voxpupuli/puppet-consul/pull/156/files,Puppet,2015-05-18,2015-07-17,1,4,1,0,0,0,1,7,0,0,0,0
https://github.com/sous-chefs/mysql/issues/632,https://github.com/sous-chefs/mysql/pull/639,Chef,2020-06-03,2020-07-22,2,2,2,0,0,0,0,0,0,0,0,0
https://github.com/sous-chefs/firewall/issues/201,https://github.com/sous-chefs/firewall/pull/202,Chef,2018-12-17,2018-12-19,4,7,5,1,1,1,5,22,15,0,0,0
https://github.com/sous-chefs/docker/issues/444,https://github.com/sous-chefs/docker/pull/447,Chef,2015-09-21,2015-09-21,1,1,0,0,0,0,0,0,0,0,0,0
https://github.com/philicious/spacewalk-client-chef/issues/5,https://github.com/philicious/spacewalk-client-chef/commit/ca053582f00233be5fc2efe0855dcab862a79487,Chef,2015-03-17,2015-03-17,0,0,0,1,1,1,0,0,0,0,0,0
https://github.com/sous-chefs/dhcp/issues/45,https://github.com/sous-chefs/dhcp/pull/46,Chef,2015-07-15,2015-07-21,3,15,3,1,3,0,2,47,2,0,0,0
https://github.com/sous-chefs/haproxy/issues/378,https://github.com/sous-chefs/haproxy/pull/379,Chef,2019-04-15,2019-04-15,1,4,4,0,0,0,0,0,0,0,0,0
https://github.com/chef-boneyard/openssl/issues/10,https://github.com/chef-boneyard/openssl/pull/11,Chef,2014-12-08,2014-12-30,1,4,2,0,0,0,0,0,0,0,0,0
https://github.com/sous-chefs/golang/issues/88,https://github.com/sous-chefs/golang/pull/89,Chef,2021-01-07,2021-02-03,0,0,0,1,2,0,0,0,0,0,0,0
https://github.com/lusis/chef-kibana/issues/112,https://github.com/lusis/chef-kibana/commit/ab356192731b3727c1d4742619254b81277d0465,Chef,2016-01-25,2016-01-25,3,53,54,0,0,0,0,0,0,0,0,0
https://github.com/sous-chefs/squid/issues/72,https://github.com/sous-chefs/squid/pull/83,Chef,2016-12-05,2017-11-28,1,1,1,1,15,6,1,9,9,0,0,0
https://github.com/sous-chefs/nodejs/issues/85,https://github.com/sous-chefs/nodejs/pull/86,Chef,2015-06-05,2015-06-13,0,0,0,3,6,7,0,0,0,0,0,0
https://github.com/sous-chefs/java/issues/481,https://github.com/sous-chefs/java/pull/486,Chef,2018-08-06,2018-09-30,0,0,0,1,1,1,0,0,0,0,0,0
https://github.com/sous-chefs/consul/issues/239,https://github.com/sous-chefs/consul/commit/94d9ca094162b1fedc0f282516d34ccb4ebc1127,Chef,2015-11-19,2016-01-03,1,2,2,1,2,3,0,0,0,0,0,0
https://github.com/sous-chefs/docker/issues/1180,https://github.com/sous-chefs/docker/pull/1181,Chef,2021-09-08,2021-09-09,1,2,4,0,0,0,1,2,2,0,0,0
https://github.com/sous-chefs/openssh/issues/118,https://github.com/sous-chefs/openssh/pull/120,Chef,2018-07-28,2018-11-01,0,0,0,1,1,6,0,0,0,0,0,0
https://github.com/sous-chefs/iis/issues/279,https://github.com/sous-chefs/iis/pull/283,Chef,2016-06-15,2016-06-27,2,5,1,1,1,1,0,0,0,0,0,0
https://github.com/sous-chefs/php/issues/242,https://github.com/sous-chefs/php/pull/245,Chef,2019-01-18,2019-05-02,1,13,2,0,0,0,2,15,20,0,0,0
https://github.com/sous-chefs/filesystem/issues/99,https://github.com/sous-chefs/filesystem/pull/100,Chef,2020-11-03,2020-11-09,1,12,7,0,0,0,2,30,2,0,0,0
https://github.com/sous-chefs/tomcat/issues/228,https://github.com/sous-chefs/tomcat/pull/229,Chef,2016-03-15,2016-03-16,0,0,0,0,0,0,0,0,0,1,1,1
https://github.com/sous-chefs/openvpn/issues/183,https://github.com/sous-chefs/openvpn/pull/184,Chef,2020-10-07,2020-10-09,0,0,0,1,9,0,0,0,0,0,0,0
https://github.com/ansible/ansible/issues/67303,https://github.com/ansible/ansible/pull/67312/files,Ansible,2020-02-11,2020-02-13,1,2,2,0,0,0,0,0,0,0,0,0
https://github.com/ansible/ansible/issues/27722,https://github.com/ansible/ansible/pull/46593,Ansible,2017-08-03,2018-11-15,1,70,42,0,0,0,0,0,0,0,0,0
https://github.com/ansible/ansible/issues/30578,https://github.com/ansible/ansible/pull/30604,Ansible,2017-09-19,2017-10-02,1,14,6,0,0,0,0,0,0,0,0,0
https://github.com/ansible/ansible/issues/39465,https://github.com/ansible/ansible/pull/42973,Ansible,2018-04-28,2018-08-15,1,20,1,0,0,0,0,0,0,0,0,0
https://github.com/ansible/ansible/issues/28487,https://github.com/ansible/ansible/pull/28488,Ansible,2017-08-22,2017-12-13,1,4,1,0,0,0,1,9,0,0,0,0
https://github.com/ansible/ansible/issues/21632,https://github.com/ansible/ansible/pull/21693,Ansible,2017-02-19,2017-02-24,1,4,4,0,0,0,0,0,0,0,0,0
https://github.com/ansible/ansible/issues/28299,https://github.com/ansible/ansible/pull/28682,Ansible,2017-08-16,2017-09-13,2,85,65,0,0,0,0,0,0,0,0,0
https://github.com/ansible-collections/ibm_zos_core/issues/193,https://github.com/ansible-collections/ibm_zos_core/pull/194,Ansible,2020-09-21,2020-09-22,1,22,42,0,0,0,0,0,0,0,0,0
https://github.com/ansible-collections/community.general/issues/1086,https://github.com/ansible-collections/community.general/pull/3896,Ansible,2020-10-14,2021-12-13,1,3,0,0,0,0,0,0,0,0,0,0
https://github.com/ansible/ansible/issues/45101,https://github.com/ansible/ansible/pull/45122,Ansible,2018-09-03,2018-12-06,1,11,6,0,0,0,1,5,2,0,0,0
https://github.com/ansible/ansible/issues/34168,https://github.com/ansible/ansible/pull/37901,Ansible,2017-12-21,2018-04-26,1,31,15,0,0,0,1,89,17,0,0,0
https://github.com/ansible-collections/community.proxysql/issues/71,https://github.com/ansible-collections/community.proxysql/pull/77,Ansible,2021-09-16,2021-09-28,1,5,3,0,0,0,11,437,179,0,0,0
https://github.com/ansible-collections/vyos.vyos/issues/201,https://github.com/ansible-collections/vyos.vyos/pull/203,Ansible,2021-08-23,2021-09-20,1,19,3,0,0,0,1,32,2,0,0,0
https://github.com/ansible/ansible/issues/55476,https://github.com/ansible/ansible/pull/57715,Ansible,2019-04-18,2019-06-12,1,4,3,0,0,0,0,0,0,0,0,0
https://github.com/ansible/ansible/issues/20307,https://github.com/ansible/ansible/pull/22363,Ansible,2017-01-16,2017-03-07,1,60,61,0,0,0,1,0,1,0,0,0
https://github.com/ansible/ansible/issues/26897,https://github.com/ansible/ansible/pull/28311,Ansible,2017-07-17,2017-08-18,2,3,1,0,0,0,3,202,0,0,0,0
https://github.com/ansible-collections/community.general/issues/656,https://github.com/ansible-collections/community.general/pull/659,Ansible,2020-07-15,2020-07-16,1,3,0,0,0,0,2,122,0,0,0,0
https://github.com/ansible/ansible/issues/44857,https://github.com/ansible/ansible/pull/44868,Ansible,2018-08-29,2018-08-30,2,21,5,0,0,0,1,1,1,0,0,0
https://github.com/ansible/ansible/issues/42511,https://github.com/ansible/ansible/pull/42557,Ansible,2018-07-09,2018-07-11,1,1,1,0,0,0,0,0,0,0,0,0
https://github.com/aristanetworks/avd/issues/1890,https://github.com/aristanetworks/avd/pull/1891/files,Ansible,2022-06-21,2022-06-21,0,0,0,0,0,0,3,11,2,1,0,1
https://github.com/saz/puppet-locales/issues/53,https://github.com/saz/puppet-locales/pull/54,Puppet,2020-01-15,2020-12-04,0,0,0,1,1,1,0,0,0,0,0,0
https://github.com/voxpupuli/puppet-collectd/issues/971,https://github.com/voxpupuli/puppet-collectd/pull/972,Puppet,2021-06-01,2021-06-29,0,0,0,0,0,0,1,27,6,1,2,2
https://github.com/smoeding/puppet-bind/issues/3,https://github.com/smoeding/puppet-bind/commit/e5f9aa384c8f1e5e48e7f6d729cc7eb66fe49703,Puppet,2022-10-12,2022-10-12,0,0,0,4,11,1,0,0,0,0,0,0
https://github.com/voxpupuli/puppet-grafana/issues/278,https://github.com/voxpupuli/puppet-grafana/pull/314,Puppet,2022-03-11,2023-03-22,0,0,0,2,2,2,1,2,2,0,0,0
https://github.com/voxpupuli/puppet-jenkins/issues/362,https://github.com/voxpupuli/puppet-jenkins/pull/396,Puppet,2015-08-26,2015-10-12,0,0,0,8,116,84,5,191,33,0,0,0
https://github.com/voxpupuli/puppet-nodejs/issues/421,https://github.com/voxpupuli/puppet-nodejs/pull/422,Puppet,2020-04-26,2020-05-01,0,0,0,1,11,0,1,10,4,0,0,0
https://github.com/voxpupuli/puppet-network/issues/267,https://github.com/voxpupuli/puppet-network/pull/290,Puppet,2020-02-04,2022-12-01,1,16,6,1,3,3,0,0,0,0,0,0
https://github.com/voxpupuli/puppet-nginx/issues/572,https://github.com/voxpupuli/puppet-nginx/pull/608,Puppet,2015-02-18,2015-04-21,0,0,0,1,0,9,1,0,18,0,0,0
https://github.com/voxpupuli/puppet-pkgng/issues/77,https://github.com/puppetlabs/puppet/pull/5285,Puppet,2016-09-08,2018-05-11,1,1,1,0,0,0,1,12,0,0,0,0
https://github.com/voxpupuli/puppet-telegraf/issues/167,https://github.com/voxpupuli/puppet-telegraf/pull/197,Puppet,2021-05-04,2023-01-27,0,0,0,1,3,3,0,0,0,0,0,0
https://github.com/alup/puppet-rbenv/issues/80,https://github.com/alup/puppet-rbenv/pull/106,Puppet,2013-08-15,2015-01-14,1,14,4,0,0,0,0,0,0,0,0,0
https://github.com/voxpupuli/puppet-collectd/issues/926,https://github.com/voxpupuli/puppet-collectd/pull/927,Puppet,2020-03-23,2020-03-28,0,0,0,3,5,5,3,117,15,0,0,0
https://github.com/voxpupuli/puppet-splunk/issues/186,https://github.com/voxpupuli/puppet-splunk/pull/191,Puppet,2018-06-26,2018-08-19,0,0,0,1,2,2,0,0,0,0,0,0
https://github.com/voxpupuli/puppet-alternatives/issues/18,https://github.com/voxpupuli/puppet-alternatives/pull/30,Puppet,2014-11-17,2016-03-07,1,8,1,0,0,0,1,50,0,0,0,0
https://github.com/puppetlabs/puppetlabs-package/issues/236,https://github.com/puppetlabs/puppetlabs-package/pull/237,Puppet,2021-02-18,2021-02-19,1,5,5,0,0,0,0,0,0,0,0,0
https://github.com/voxpupuli/puppet-gitlab_ci_runner/issues/35,https://github.com/voxpupuli/puppet-gitlab_ci_runner/pull/53,Puppet,2019-01-29,2019-07-03,0,0,0,1,12,5,1,3,0,0,0,0
https://github.com/voxpupuli/puppet-selinux/issues/90,https://github.com/voxpupuli/puppet-selinux/pull/92,Puppet,2016-04-19,2016-06-02,0,0,0,1,4,4,1,2,2,0,0,0
https://github.com/voxpupuli/puppet-nftables/issues/69,https://github.com/voxpupuli/puppet-nftables/pull/70,Puppet,2021-01-27,2021-01-28,0,0,0,0,0,0,1,17,1,1,1,1
https://github.com/voxpupuli/puppet-firewalld/issues/111,https://github.com/voxpupuli/puppet-firewalld/pull/119,Puppet,2017-01-20,2017-02-28,1,6,1,0,0,0,1,10,0,0,0,0
https://github.com/voxpupuli/puppet-zabbix/issues/809,https://github.com/voxpupuli/puppet-zabbix/pull/810,Puppet,2022-01-06,2022-01-06,1,1,1,0,0,0,0,0,0,0,0,0
https://github.com/dev-sec/chef-ssh-hardening/issues/195,https://github.com/dev-sec/chef-ssh-hardening/pull/198,Chef,2018-07-14,2018-08-01,1,7,7,1,2,1,2,34,14,1,3,0
https://github.com/DataDog/chef-datadog/issues/41,https://github.com/DataDog/chef-datadog/pull/42,Chef,2013-01-27,2013-01-27,0,0,0,2,8,1,0,0,0,0,0,0
https://github.com/sous-chefs/postgresql/issues/670,https://github.com/sous-chefs/postgresql/pull/671,Chef,2020-11-11,2020-11-12,1,2,2,0,0,0,0,0,0,0,0,0
https://github.com/Graylog2/graylog2-cookbook/issues/92,https://github.com/Graylog2/graylog2-cookbook/pull/94,Chef,2017-05-03,2017-06-09,0,0,0,1,1,1,0,0,0,0,0,0
https://github.com/sous-chefs/docker/issues/1196,https://github.com/sous-chefs/docker/pull/1195,Chef,2021-10-14,2021-10-15,1,2,2,0,0,0,1,8,0,0,0,0
https://github.com/sous-chefs/jenkins/issues/531,https://github.com/sous-chefs/jenkins/pull/535,Chef,2016-10-19,2016-11-03,1,16,12,0,0,0,0,0,0,0,0,0
https://github.com/karnauskas/chef-yum-plugin-versionlock/issues/23,https://github.com/karnauskas/chef-yum-plugin-versionlock/pull/25,Chef,2020-09-25,2020-10-05,1,1,0,0,0,0,1,5,0,0,0,0
https://github.com/sous-chefs/mariadb/issues/353,https://github.com/fozboz/mariadb/commit/9dc52aa3c45df423016451847cb0165deea8e674,Chef,2023-03-09,2023-05-02,3,7,10,0,0,0,0,0,0,0,0,0
https://github.com/sous-chefs/docker/issues/31,https://github.com/sous-chefs/docker/commit/e2944fa67e3dddc4aff83f0f7c5980f61149b748,Chef,2013-12-10,2013-12-30,2,42,8,0,0,0,0,0,0,0,0,0
https://github.com/sous-chefs/fail2ban/issues/60,https://github.com/sous-chefs/fail2ban/pull/91,Chef,2019-06-07,2020-12-01,2,5,3,0,0,0,0,0,0,0,0,0
https://github.com/sous-chefs/varnish/issues/72,https://github.com/sous-chefs/varnish/pull/73,Chef,2015-05-05,2015-05-05,1,1,1,1,1,0,3,88,0,2,5,5
https://github.com/sous-chefs/consul/issues/133,https://github.com/sous-chefs/consul/commit/be4773ee935a2fbbbf342eeb55f1ee7e88913b3d,Chef,2015-02-18,2015-02-26,0,0,0,1,2,1,0,0,0,0,0,0
https://github.com/sous-chefs/graphite/issues/137,https://github.com/sous-chefs/graphite/commit/46ad2255a32abb23a0213382ec591820b421db9e,Chef,2014-02-18,2014-02-19,0,0,0,2,12,0,0,0,0,0,0,0
https://github.com/sous-chefs/java/issues/342,https://github.com/sous-chefs/java/commit/057add718717e2a1b7190e0b3c3cdb2030563e28,Chef,2016-04-21,2016-05-06,0,0,0,1,3,1,0,0,0,0,0,0
https://github.com/sous-chefs/sc-mongodb/issues/220,https://github.com/sous-chefs/sc-mongodb/pull/222,Chef,2019-02-27,2019-03-05,0,0,0,1,9,8,0,0,0,0,0,0
https://github.com/sous-chefs/firewall/issues/133,https://github.com/sous-chefs/firewall/commit/c6e1c943d364b615363ff5a717ce553402eba39b,Chef,2016-04-22,2016-10-26,1,22,15,0,0,0,0,0,0,0,0,0
https://github.com/sous-chefs/ark/issues/101,https://github.com/sous-chefs/ark/commit/edef73a727971a71a87fccc194e9cb3b8b6ea0ec,Chef,2015-03-12,2015-03-17,1,1,1,0,0,0,2,3,3,0,0,0
https://github.com/dhoer/chef-chromedriver/issues/3,https://github.com/dhoer/chef-chromedriver/commit/6050ade54b2af7abd9776b47d6b4a4ee49d9cc40,Chef,2016-01-29,2016-01-29,0,0,0,2,3,8,2,18,20,0,0,0
https://github.com/sous-chefs/mariadb/issues/256,https://github.com/sous-chefs/mariadb/pull/336,Chef,2019-04-19,2021-10-29,1,10,4,0,0,0,8,13,8,0,0,0
https://github.com/dhoer/chef-selenium/issues/18,https://github.com/dhoer/chef-selenium/commit/9fcc9723f08e902ab8f635c7e2aa9507da6b2c0a,Chef,2015-08-02,2015-08-03,0,0,0,2,19,18,1,9,3,0,0,0
https://github.com/manala/ansible-roles/issues/123,https://github.com/manala/ansible-roles/pull/124,Ansible,2017-11-30,2017-12-01,0,0,0,3,14,10,0,0,0,0,0,0
https://github.com/ansible-collections/community.general/issues/5290,https://github.com/ansible-collections/community.general/pull/5291,Ansible,2022-09-17,2022-09-28,1,6,3,0,0,0,0,0,0,0,0,0
https://github.com/ansible/ansible/issues/33838,https://github.com/ansible/ansible/pull/40061,Ansible,2017-12-12,2018-06-14,1,8,3,0,0,0,1,19,3,0,0,0
https://github.com/ansible/ansible/issues/59064,https://github.com/ansible/ansible/pull/60384,Ansible,2019-07-13,2019-08-16,1,21,0,0,0,0,1,36,0,0,0,0
https://github.com/ansible-collections/kubernetes.core/issues/503,https://github.com/ansible-collections/kubernetes.core/pull/579,Ansible,2022-08-23,2023-02-06,1,7,0,0,0,0,1,65,0,0,0,0
https://github.com/ansible-collections/community.general/issues/4595,https://github.com/ansible-collections/community.general/pull/4596,Ansible,2022-04-29,2022-05-05,1,37,5,0,0,0,0,0,0,0,0,0
https://github.com/freeipa/ansible-freeipa/issues/529,https://github.com/freeipa/ansible-freeipa/pull/530,Ansible,2021-04-13,2021-05-06,2,27,2,0,0,0,1,24,0,0,0,0
https://github.com/ansible-collections/community.general/issues/2510,https://github.com/ansible-collections/community.general/pull/2511,Ansible,2021-05-14,2021-05-26,1,2,1,0,0,0,0,0,0,0,0,0
https://github.com/prometheus-community/ansible/issues/96,https://github.com/prometheus-community/ansible/pull/204,Ansible,2023-05-05,2023-08-25,0,0,0,14,201,73,4,86,0,0,0,0
https://github.com/ansible-collections/community.general/issues/106,https://github.com/ansible-collections/community.general/pull/184,Ansible,2020-04-03,2020-04-20,1,23,14,0,0,0,2,76,0,0,0,0
https://github.com/ansible/ansible/issues/67278,https://github.com/ansible/ansible/pull/67549,Ansible,2020-02-10,2020-02-18,1,5,3,0,0,0,1,46,0,0,0,0
https://github.com/ansible/ansible/issues/56902,https://github.com/ansible/ansible/pull/56903,Ansible,2019-05-24,2019-05-27,1,1,1,0,0,0,0,0,0,0,0,0
https://github.com/ansible-collections/ansible.netcommon/issues/191,https://github.com/ansible-collections/ansible.netcommon/pull/192,Ansible,2020-12-22,2021-01-07,2,21,4,0,0,0,11,231,0,0,0,0
https://github.com/ansible-collections/community.general/issues/2460,https://github.com/ansible-collections/community.general/pull/3080,Ansible,2021-05-06,2021-07-26,1,54,7,0,0,0,3,145,68,0,0,0
https://github.com/ansible-collections/community.general/issues/2360,https://github.com/ansible-collections/community.general/pull/2369,Ansible,2021-04-27,2021-05-03,1,5,8,0,0,0,0,0,0,0,0,0
https://github.com/ansible-collections/community.zabbix/issues/165,https://github.com/ansible-collections/community.zabbix/pull/189,Ansible,2020-07-30,2020-08-16,0,0,0,1,1,0,0,0,0,1,7,0
https://github.com/ansible/ansible/issues/80982,https://github.com/ansible/ansible/pull/82522,Ansible,2023-06-06,2024-01-11,1,8,2,0,0,0,1,9,0,0,0,0
https://github.com/ansible/ansible/issues/69577,https://github.com/ansible/ansible/pull/69578,Ansible,2020-05-17,2020-07-20,1,1,1,0,0,0,1,5,0,0,0,0
https://github.com/ansible-collections/community.general/issues/4154,https://github.com/ansible-collections/community.general/pull/4155,Ansible,2022-02-04,2022-02-17,1,4,3,0,0,0,1,8,0,0,0,0
https://github.com/ansible-collections/community.general/issues/4527,https://github.com/ansible-collections/community.general/pull/4537,Ansible,2022-04-19,2022-04-20,1,0,1,0,0,0,0,0,0,0,0,0
https://github.com/saz/puppet-sudo/issues/60,https://github.com/saz/puppet-sudo/commit/71c1119aa28044fefa0892ed30cbe1594c4589b6,Puppet,2014-04-18,2014-04-19,0,0,0,1,3,1,0,0,0,0,0,0
https://github.com/voxpupuli/puppet-rvm/issues/189,https://github.com/voxpupuli/puppet-rvm/pull/191,Puppet,2022-11-30,2022-12-05,1,1,1,0,0,0,0,0,0,0,0,0
https://github.com/voxpupuli/puppet-autofs/issues/108,https://github.com/voxpupuli/puppet-autofs/pull/110,Puppet,2018-03-21,2018-03-24,0,0,0,0,0,0,1,11,0,2,2,2
https://github.com/inkblot/puppet-ipcalc/issues/3,https://github.com/inkblot/puppet-ipcalc/pull/4,Puppet,2016-02-25,2016-07-05,10,70,10,0,0,0,0,0,0,0,0,0
https://github.com/theforeman/puppet-puppet/issues/339,https://github.com/theforeman/puppet-puppet/commit/e5ca244baeca37ec8c1152d93b000d74b8ccc00f,Puppet,2015-12-16,2016-03-16,0,0,0,1,1,0,1,1,0,0,0,0
https://github.com/gini/puppet-archive/issues/12,https://github.com/gini/puppet-archive/commit/e2f5389963fe04ffdddb014d70c373c1bbc37515,Puppet,2014-01-15,2014-02-07,0,0,0,1,8,8,0,0,0,0,0,0
https://github.com/voxpupuli/puppet-rabbitmq/issues/780,https://github.com/voxpupuli/puppet-rabbitmq/pull/795,Puppet,2019-02-17,2019-05-03,0,0,0,1,2,6,0,0,0,0,0,0
https://github.com/voxpupuli/puppet-dhcp/issues/170,https://github.com/voxpupuli/puppet-dhcp/pull/171,Puppet,2017-11-23,2017-11-29,0,0,0,1,1,1,0,0,0,0,0,0
https://github.com/voxpupuli/puppet-nginx/issues/1284,https://github.com/voxpupuli/puppet-nginx/pull/1281,Puppet,2018-12-12,2019-02-09,0,0,0,0,0,0,2,2,1,2,6,2
https://github.com/puppetlabs/puppetlabs-peadm/issues/287,https://github.com/puppetlabs/puppetlabs-peadm/pull/289,Puppet,2022-09-21,2022-09-22,1,1,1,0,0,0,0,0,0,0,0,0
https://github.com/proletaryo/puppet-nvm_nodejs/issues/8,https://github.com/proletaryo/puppet-nvm_nodejs/pull/9,Puppet,2014-07-04,2014-07-05,0,0,0,1,2,2,0,0,0,0,0,0
https://github.com/voxpupuli/puppet-php/issues/223,https://github.com/voxpupuli/puppet-php/pull/224,Puppet,2016-07-03,2016-07-03,0,0,0,1,1,1,0,0,0,0,0,0
https://github.com/deric/puppet-mesos/issues/44,https://github.com/deric/puppet-mesos/commit/7decaecebc637e7d7b6d52b864dc47e721462dd7,Puppet,2015-09-30,2015-09-30,0,0,0,2,10,10,2,8,9,1,5,5
https://github.com/voxpupuli/puppet-openldap/issues/366,https://github.com/voxpupuli/puppet-openldap/pull/372,Puppet,2023-02-02,2023-04-13,0,0,0,5,36,3,4,39,18,0,0,0
https://github.com/voxpupuli/puppet-firewalld/issues/90,https://github.com/voxpupuli/puppet-firewalld/pull/91,Puppet,2016-10-11,2016-10-12,2,33,16,0,0,0,8,39,0,0,0,0
https://github.com/puppetlabs/puppetlabs-apt/issues/1074,https://github.com/puppetlabs/puppetlabs-apt/commit/fad371f806411bdc003ce367c3d54fd15417036d,Puppet,2022-12-12,2023-01-18,0,0,0,1,1,1,1,14,4,0,0,0
https://github.com/ajjahn/puppet-dns/issues/115,https://github.com/ajjahn/puppet-dns/pull/119,Puppet,2015-05-15,2015-06-06,0,0,0,1,1,1,0,0,0,1,0,5
https://github.com/voxpupuli/puppet-python/issues/613,https://github.com/voxpupuli/puppet-python/pull/619,Puppet,2021-05-26,2023-09-20,0,0,0,2,3,1,1,26,0,0,0,0
https://github.com/voxpupuli/puppet-mongodb/issues/627,https://github.com/voxpupuli/puppet-mongodb/pull/628,Puppet,2021-10-08,2021-10-21,0,0,0,1,1,1,0,0,0,0,0,0
https://github.com/voxpupuli/puppet-prometheus/issues/584,https://github.com/voxpupuli/puppet-prometheus/pull/591,Puppet,2021-10-01,2021-11-13,0,0,0,2,6,2,0,0,0,0,0,0
https://github.com/sous-chefs/varnish/issues/160,https://github.com/sous-chefs/varnish/pull/161,Chef,2018-04-07,2018-08-28,0,0,0,3,22,14,5,5,5,0,0,0
https://github.com/sous-chefs/apache2/issues/750,https://github.com/sous-chefs/apache2/pull/751,Chef,2021-06-24,2021-07-09,1,32,2,0,0,0,4,126,0,2,13,0
https://github.com/sous-chefs/grafana/issues/229,https://github.com/sous-chefs/grafana/pull/230,Chef,2019-04-02,2019-04-02,1,1,1,1,1,1,0,0,0,0,0,0
https://github.com/sous-chefs/firewall/issues/49,https://github.com/sous-chefs/firewall/commit/13b28cb231fb12c2c0908236519405dcf75858d5,Chef,2015-03-28,2015-03-28,1,4,1,0,0,0,5,42,6,0,0,0
https://github.com/sous-chefs/docker/issues/658,https://github.com/sous-chefs/docker/pull/665,Chef,2016-02-24,2016-02-26,1,1,1,0,0,0,0,0,0,0,0,0
https://github.com/sous-chefs/sc-mongodb/issues/190,https://github.com/sous-chefs/sc-mongodb/pull/191,Chef,2018-02-02,2018-02-02,0,0,0,1,1,1,0,0,0,0,0,0
https://github.com/sous-chefs/java/issues/216,https://github.com/sous-chefs/java/commit/26b3dab366cdda1a51a995f0ea7009cece791ce8,Chef,2014-11-05,2014-11-06,1,3,0,0,0,0,0,0,0,0,0,0
https://github.com/chef-boneyard/windows/issues/447,https://github.com/chef-boneyard/windows/pull/449,Chef,2017-03-16,2017-03-17,1,61,51,0,0,0,0,0,0,0,0,0
https://github.com/sous-chefs/homebrew/issues/71,https://github.com/sous-chefs/homebrew/pull/72,Chef,2015-05-21,2015-06-23,1,2,1,0,0,0,0,0,0,0,0,0
https://github.com/sous-chefs/consul/issues/568,https://github.com/sous-chefs/consul/pull/569,Chef,2020-08-25,2020-08-31,1,1,1,0,0,0,0,0,0,0,0,0
https://github.com/sous-chefs/docker/issues/364,https://github.com/sous-chefs/docker/pull/365,Chef,2015-08-15,2015-08-16,1,2,2,0,0,0,0,0,0,0,0,0
https://github.com/chef-boneyard/audit/issues/384,https://github.com/chef-boneyard/audit/pull/393,Chef,2019-09-02,2020-03-03,1,4,0,0,0,0,0,0,0,0,0,0
https://github.com/sous-chefs/cron/issues/86,https://github.com/sous-chefs/cron/pull/87,Chef,2016-12-07,2017-03-13,1,2,0,0,0,0,0,0,0,1,1,1
https://github.com/sous-chefs/ruby_rbenv/issues/31,https://github.com/sous-chefs/ruby_rbenv/pull/37,Chef,2013-01-25,2013-05-30,1,1,1,0,0,0,0,0,0,0,0,0
https://github.com/chef-boneyard/httpd/issues/95,https://github.com/chef-boneyard/httpd/pull/96,Chef,2016-09-15,2016-09-24,1,0,2,0,0,0,0,0,0,0,0,0
https://github.com/sous-chefs/postgresql/issues/583,https://github.com/sous-chefs/postgresql/pull/590,Chef,2018-12-24,2019-01-15,1,1,1,0,0,0,3,16,1,0,0,0
https://github.com/sous-chefs/apt/issues/92,https://github.com/sous-chefs/apt/commit/1480e9f2d15f3573004d9d870e61d33a0c2dbaaf,Chef,2014-09-04,2015-03-24,1,1,1,0,0,0,0,0,0,0,0,0
https://github.com/sous-chefs/firewall/issues/120,https://github.com/sous-chefs/firewall/commit/8136c429fdabd9a8ee8594b3745106bd5b65eb15,Chef,2016-02-11,2016-02-18,1,2,2,0,0,0,0,0,0,0,0,0
https://github.com/sous-chefs/grafana/issues/279,https://github.com/sous-chefs/grafana/pull/280,Chef,2019-08-17,2019-09-23,1,1,1,0,0,0,0,0,0,0,0,0
https://github.com/sous-chefs/docker/issues/1014,https://github.com/sous-chefs/docker/pull/1024,Chef,2018-07-28,2018-08-21,2,5,2,0,0,0,0,0,0,0,0,0
https://github.com/bodsch/ansible-icinga2/issues/21,https://github.com/bodsch/ansible-icinga2/pull/23,Ansible,2021-03-05,2021-03-05,0,0,0,1,13,2,0,0,0,0,0,0
https://github.com/elastic/ansible-elasticsearch/issues/721,https://github.com/elastic/ansible-elasticsearch/pull/753,Ansible,2020-09-15,2021-01-06,0,0,0,1,1,1,0,0,0,0,0,0
https://github.com/ANXS/postgresql/issues/47,https://github.com/ANXS/postgresql/pull/66,Ansible,2014-09-19,2015-03-25,0,0,0,3,31,7,0,0,0,5,2420,446
https://github.com/pulp/pulp_installer/issues/1431,https://github.com/pulp/pulp_installer/pull/1432,Ansible,2022-10-28,2022-10-31,0,0,0,1,7,0,0,0,0,0,0,0
https://github.com/haxorof/ansible-role-docker-ce/issues/41,https://github.com/haxorof/ansible-role-docker-ce/commit/71cda5f377e4e4de8b037d066df6a45835637e3c,Ansible,2018-06-23,2018-06-23,0,0,0,1,1,0,0,0,0,0,0,0
https://github.com/geerlingguy/ansible-role-packer_rhel/issues/21,https://github.com/geerlingguy/ansible-role-packer_rhel/commit/7c5ff7863c35f890fed036020ba39a8a123e350a,Ansible,2019-09-27,2019-09-27,0,0,0,1,1,0,0,0,0,0,0,0
https://github.com/dj-wasabi/ansible-telegraf/issues/121,https://github.com/dj-wasabi/ansible-telegraf/pull/124,Ansible,2020-05-08,2020-06-03,0,0,0,1,2,2,0,0,0,0,0,0
https://github.com/bodsch/ansible-mariadb/issues/20,https://github.com/bodsch/ansible-mariadb/pull/21,Ansible,2023-05-30,2023-07-23,1,2,2,13,116,161,7,10,3,4,6,10
https://github.com/ansible-collections/ansible-consul/issues/458,https://github.com/ansible-collections/ansible-consul/commit/c74827d70c673c9354b4aad71d2abf9e50c15f3d,Ansible,2021-12-29,2022-02-07,0,0,0,2,6,2,0,0,0,0,0,0
https://github.com/geerlingguy/ansible-role-mysql/issues/63,https://github.com/geerlingguy/ansible-role-mysql/commit/ab21fa133f6814b0a2ef2db2c3b7634de253efbc,Ansible,2015-10-04,2016-04-22,0,0,0,2,13,4,0,0,0,1,0,4
https://github.com/gekmihesg/ansible-openwrt/issues/8,https://github.com/gekmihesg/ansible-openwrt/commit/0866e5b2957d47a90434e1e3e02a23a62c5539c3,Ansible,2019-03-17,2019-05-13,0,0,0,1,1,0,0,0,0,0,0,0
https://github.com/claranet/ansible-role-redis/issues/4,https://github.com/claranet/ansible-role-redis/pull/5,Ansible,2023-08-30,2023-08-31,0,0,0,1,2,2,2,2,2,0,0,0
https://github.com/gantsign/ansible-role-maven/issues/116,https://github.com/gantsign/ansible-role-maven/pull/117,Ansible,2019-07-04,2019-07-14,0,0,0,2,4,0,0,0,0,0,0,0
https://github.com/geerlingguy/ansible-role-php/issues/33,https://github.com/geerlingguy/ansible-role-php/commit/2f5d56721adfc3e5fb44af98973a474c83e05c6e,Ansible,2015-04-14,2015-04-14,0,0,0,1,1,0,0,0,0,0,0,0
https://github.com/geerlingguy/ansible-role-php/issues/53,https://github.com/geerlingguy/ansible-role-php/commit/29826297df63d5cce4673d71ab7084af96b38a62,Ansible,2015-09-11,2016-02-20,0,0,0,1,1,1,0,0,0,0,0,0
https://github.com/cloudalchemy/ansible-node-exporter/issues/230,https://github.com/cloudalchemy/ansible-node-exporter/pull/233,Ansible,2021-07-20,2021-08-11,0,0,0,1,2,1,0,0,0,0,0,0
https://github.com/andrewrothstein/ansible-kafka/issues/3,https://github.com/andrewrothstein/ansible-kafka/commit/ecd8f0854fc63fb5604f7cc5198370d7af72ea86,Ansible,2018-02-01,2018-02-01,0,0,0,1,6,0,0,0,0,0,0,0
https://github.com/ansible-community/ansible-nomad/issues/107,https://github.com/ansible-community/ansible-nomad/pull/108,Ansible,2020-08-06,2020-08-07,0,0,0,1,7,1,0,0,0,0,0,0
https://github.com/geerlingguy/ansible-role-ssh-chroot-jail/issues/1,https://github.com/geerlingguy/ansible-role-ssh-chroot-jail/commit/9f37dd7dadf9c8ddeea83ca9e131ab80530926f7,Ansible,2017-11-17,2017-11-17,0,0,0,1,2,1,0,0,0,0,0,0
https://github.com/ansible/ansible/issues/40523,https://github.com/ansible/ansible/pull/40872,Ansible,2018-05-22,2018-06-11,1,3,3,0,0,0,0,0,0,0,0,0
https://puppet.atlassian.net/browse/MODULES-3601,https://github.com/puppetlabs/puppetlabs-mysql/pull/868,Puppet,2016-07-14,2016-07-22,0,0,0,3,24,16,0,0,0,0,0,0
https://puppet.atlassian.net/browse/MODULES-2258,https://github.com/voxpupuli/puppet-mongodb/pull/297,Puppet,2015-07-20,2016-05-12,1,6,1,0,0,0,0,0,0,0,0,0
https://puppet.atlassian.net/browse/MODULES-1650,https://github.com/voxpupuli/puppet-rabbitmq/pull/294,Puppet,2015-01-13,2015-01-15,0,0,0,1,2,1,0,0,0,0,0,0
https://puppet.atlassian.net/browse/MODULES-130,https://github.com/puppetlabs/puppetlabs-mysql/pull/412,Puppet,2013-12-18,2014-05-08,1,3,0,0,0,0,1,22,0,0,0,0
https://puppet.atlassian.net/browse/MODULES-9083,https://github.com/puppetlabs/puppetlabs-apache/pull/1946,Puppet,2019-05-13,2019-10-14,0,0,0,0,0,0,1,2,2,1,1,1
https://puppet.atlassian.net/browse/MODULES-10114,https://github.com/puppetlabs/puppetlabs-mysql/pull/1256,Puppet,2019-11-18,2019-12-16,1,1,0,0,0,0,0,0,0,0,0,0
https://puppet.atlassian.net/browse/MODULES-3401,https://github.com/puppetlabs/puppetlabs-mysql/pull/869,Puppet,2016-05-23,2016-07-22,1,2,4,0,0,0,1,0,5,0,0,0
https://puppet.atlassian.net/browse/MODULES-1451,https://github.com/voxpupuli/puppet-rabbitmq/pull/251,Puppet,2014-10-23,2014-12-08,3,6,6,0,0,0,3,30,85,0,0,0
https://puppet.atlassian.net/browse/MODULES-4932,https://github.com/puppetlabs/puppetlabs-inifile/pull/239,Puppet,2017-05-17,2017-07-03,3,15,9,0,0,0,2,8,8,0,0,0
https://puppet.atlassian.net/browse/MODULES-2553,https://github.com/puppetlabs-toy-chest/puppetlabs-netapp/pull/62,Puppet,2015-09-09,2015-12-18,1,8,2,0,0,0,1,36,0,0,0,0
https://puppet.atlassian.net/browse/MODULES-5304,https://github.com/puppetlabs/puppetlabs-powershell/commit/d0166e4ec6b7e6f1abdb21f9efb439a700940ee1,Puppet,2017-07-25,2017-09-06,2,1,1,0,0,0,0,0,0,0,0,0
https://puppet.atlassian.net/browse/MODULES-10898,https://github.com/puppetlabs/puppetlabs-docker/pull/730,Puppet,2020-12-16,2021-03-04,0,0,0,1,18,5,0,0,0,0,0,0
https://puppet.atlassian.net/browse/MODULES-4864,https://github.com/puppetlabs/puppetlabs-vcsrepo/pull/332,Puppet,2017-05-05,2017-05-10,2,4,3,0,0,0,1,3,1,0,0,0
https://puppet.atlassian.net/browse/MODULES-7240,https://github.com/puppetlabs/puppetlabs-scheduled_task/pull/60,Puppet,2018-05-31,2018-08-15,1,3,3,0,0,0,2,183,2,0,0,0
https://puppet.atlassian.net/browse/PUP-10219,https://github.com/puppetlabs/puppet/pull/7915,Puppet,2020-01-06,2020-01-13,1,2,1,0,0,0,1,7,0,0,0,0
https://puppet.atlassian.net/browse/MODULES-8584,https://github.com/puppetlabs/puppetlabs-firewall/pull/815,Puppet,2019-02-01,2019-02-05,1,1,1,0,0,0,1,2,2,0,0,0
https://puppet.atlassian.net/browse/MODULES-5169,https://github.com/puppetlabs/puppetlabs-iis/pull/93,Puppet,2017-06-30,2017-08-08,3,54,36,0,0,0,2,66,1,0,0,0
https://puppet.atlassian.net/browse/PUP-4231,https://github.com/puppetlabs/puppet/pull/3725,Puppet,2015-03-16,2015-05-20,1,1,1,0,0,0,0,0,0,0,0,0
https://puppet.atlassian.net/browse/MODULES-3158,https://github.com/puppetlabs/puppetlabs-apache/pull/1398,Puppet,2016-03-14,2016-03-23,0,0,0,1,13,1,0,0,0,1,5,1
https://puppet.atlassian.net/browse/MODULES-6356,https://github.com/puppetlabs/puppetlabs-sqlserver/pull/259,Puppet,2018-01-02,2018-01-08,1,2,2,0,0,0,3,25,16,0,0,0
https://github.com/sous-chefs/firewall/issues/79,https://github.com/sous-chefs/firewall/pull/80,Chef,2015-07-24,2015-07-24,1,1,1,0,0,0,0,0,0,0,0,0
https://github.com/rackerbenoit/chef-flywaydb/issues/17,https://github.com/rackerbenoit/chef-flywaydb/commit/94c4c36e53311f63f121555f188a2d9b4030ebe4,Chef,2016-05-05,2016-05-06,1,14,6,0,0,0,4,115,0,0,0,0
https://github.com/alertlogic/al_agents/issues/42,https://github.com/alertlogic/al_agents/pull/45,Chef,2015-11-24,2015-11-25,1,1,1,1,1,1,0,0,0,0,0,0
https://github.com/chef-cookbooks/runit/issues/179,https://github.com/chef-cookbooks/runit/pull/194,Chef,2016-02-16,2016-06-02,0,0,0,7,14,65,0,0,0,0,0,0
https://github.com/sous-chefs/firewall/issues/143,https://github.com/sous-chefs/firewall/commit/c2fdd7cb62ccf8e17b18f1326b6efccd8c32d672,Chef,2016-06-29,2016-08-03,1,14,5,0,0,0,0,0,0,0,0,0
https://github.com/sous-chefs/chef-splunk/issues/48,https://github.com/sous-chefs/chef-splunk/pull/49,Chef,2015-08-12,2015-09-04,1,6,5,0,0,0,4,32,0,0,0,0
https://github.com/sous-chefs/nfs/issues/21,https://github.com/sous-chefs/nfs/commit/4c8766b4a0aab7339f9059ebd7cf7eea1aec2a25,Chef,2013-06-11,2013-09-08,1,1,1,0,0,0,0,0,0,0,0,0
https://github.com/cerner/cerner_tomcat/issues/21,https://github.com/cerner/cerner_tomcat/pull/33,Chef,2016-10-07,2016-11-02,0,0,0,0,0,0,2,23,4,1,1,1
https://github.com/sous-chefs/haproxy/issues/197,https://github.com/sous-chefs/haproxy/pull/198,Chef,2017-04-21,2017-04-21,1,1,0,0,0,0,0,0,0,0,0,0
https://github.com/sous-chefs/ark/issues/84,https://github.com/sous-chefs/ark/pull/85,Chef,2014-11-05,2014-11-06,1,6,2,0,0,0,1,8,0,0,0,0
https://github.com/sous-chefs/docker/issues/158,https://github.com/sous-chefs/docker/pull/160,Chef,2014-05-23,2014-06-24,4,5,5,0,0,0,0,0,0,0,0,0
https://github.com/sous-chefs/grafana/issues/351,https://github.com/sous-chefs/grafana/pull/352/,Chef,2020-05-19,2020-05-20,1,1,1,0,0,0,0,0,0,0,0,0
https://github.com/sous-chefs/nodejs/issues/204,https://github.com/sous-chefs/nodejs/pull/212,Chef,2020-05-04,2020-09-30,0,0,0,2,2,0,0,0,0,0,0,0
https://github.com/dwradcliffe/chef-solr/issues/22,https://github.com/dwradcliffe/chef-solr/pull/27/files,Chef,2015-06-12,2015-07-23,0,0,0,1,3,2,0,0,0,2,2,2
https://github.com/schubergphilis/chef-acme/issues/120,https://github.com/schubergphilis/chef-acme/pull/121,Chef,2020-02-28,2020-03-06,0,0,0,1,1,1,0,0,0,0,0,0
https://github.com/djoos-cookbooks/composer/issues/20,https://github.com/djoos-cookbooks/composer/pull/29/files,Chef,2014-03-26,2014-04-07,1,1,0,1,2,0,0,0,0,0,0,0
https://github.com/sous-chefs/rvm/issues/35,https://github.com/sous-chefs/rvm/commit/cd67e7f65b51e2507d9761e9c1368b04c08d3291,Chef,2011-08-23,2011-08-23,2,38,9,0,0,0,0,0,0,0,0,0
https://github.com/signalfx/signalfx-agent/issues/585,https://github.com/signalfx/signalfx-agent/pull/592,Chef,2019-02-20,2019-02-25,0,0,0,1,4,0,0,0,0,0,0,0
https://github.com/gocd/go-cookbook/issues/28,https://github.com/gocd/go-cookbook/commit/af7a7969ac05dfcb1e7b24b366a4c4890bee21c3,Chef,2014-10-20,2014-10-28,0,0,0,1,1,1,0,0,0,0,0,0
https://github.com/michaelklishin/cassandra-chef-cookbook/issues/73,https://github.com/michaelklishin/cassandra-chef-cookbook/commit/f8fc13788763b0b91ab2e29d3e67deb2a4fc5855,Chef,2014-06-18,2014-06-18,0,0,0,1,1,1,0,0,0,0,0,0
